20260918,10-en-homepage.job.md,OK,handoff/en-drafts/en-homepage.md (nemotron-3-super-120b-a12b:free)
20260918,11-en-faq.job.md,OK,handoff/en-drafts/en-faq.md (nemotron-3-super-120b-a12b:free)
20260918,12-en-cost-guide.job.md,OK,handoff/en-drafts/en-cost-guide.md (nemotron-3-super-120b-a12b:free)
20260918,13-en-elder-birthday.job.md,OK,handoff/en-drafts/en-elder-birthday.md (nemotron-3-super-120b-a12b:free)
20260918,14-en-houseparty.job.md,OK,handoff/en-drafts/en-houseparty.md (nemotron-3-super-120b-a12b:free)
20260918,15-en-picnicbox.job.md,OK,handoff/en-drafts/en-picnicbox.md (nemotron-3-super-120b-a12b:free)
20260918,20-gym-seed.job.md,OK,data/free-quota/gym-seeds/inquiry_20260918.md (nemotron-3-super-120b-a12b:free)
20260918,20-gym-seed.job.md,OK,data/free-quota/gym-seeds/inquiry_20260918.md (nemotron-3-super-120b-a12b:free | 審ISSUES)
20260918,weekly_review,OK,weekly_review_20260918.md (nemotron-3-super-120b-a12b:free)
20260918,vision-smoke-T-A4,OK,新居入厝.jpg (gemma-4-31b-it:free)
20260918,vision-smoke-T-A4,ERR:HTTPError,純白主題風生日派對.jpg (gemma-4-31b-it:free)
20260918,vision-retry-T-A4,ERR,純白主題風生日派對.jpg (gemma-4-31b-it:free)
20260919,20-gym-seed.job.md,OK,data/free-quota/gym-seeds/inquiry_20260919.md (nemotron-3-super-120b-a12b:free | 審ISSUES)
20260920,20-gym-seed.job.md,OK,data/free-quota/gym-seeds/inquiry_20260920.md (nemotron-3-super-120b-a12b:free | 審ISSUES)
20260921,20-gym-seed.job.md,OK,data/free-quota/gym-seeds/inquiry_20260921.md (nemotron-3-super-120b-a12b:free | 審PASS)
20260921,weekly_review,OK,weekly_review_20260921.md (nemotron-3-super-120b-a12b:free)
20260924,20-gym-seed.job.md,OK,data/free-quota/gym-seeds/inquiry_20260924.md (nemotron-3-super-120b-a12b:free | 審PASS)
20260924,30-music-prompt.job.md,OK,data/free-quota/music-prompts/plan_20260924.md (nemotron-3-super-120b-a12b:free | 審ISSUES)
20260924,31-image-plan.job.md,OK,data/free-quota/image-plans/plan_20260924.md (nemotron-3-super-120b-a12b:free | 審ISSUES)
20260924,32-style-taxonomy.job.md,OK,data/free-quota/style-taxonomy/taxonomy_v0.md (nemotron-3-super-120b-a12b:free | 審ISSUES)
20260924,10-open-todos.job.md,OK,data/free-quota/open-todos/todos_20260924.md (nemotron-3-super-120b-a12b:free | 審ISSUES | ctx讀到1檔;讀不到:TASK_QUEUE.md(超出 context 預算未讀);AGENT_CORE.md(超出 context 預算未讀))
20260924,20-gym-seed.job.md,OK,data/free-quota/gym-seeds/inquiry_20260924.md (dots-3-note-preview:free | 審稿失敗)
20260924,30-music-prompt.job.md,OK,data/free-quota/music-prompts/plan_20260924.md (nemotron-3-super-120b-a12b:free | 審ISSUES)
20260924,31-image-plan.job.md,OK,data/free-quota/image-plans/plan_20260924.md (nemotron-3-super-120b-a12b:free | 審ISSUES)
20260924,10-open-todos.job.md,OK,data/free-quota/open-todos/todos_20260924.md (nemotron-3-super-120b-a12b:free | 審ISSUES | ctx讀到3檔)
20260924,20-gym-seed.job.md,OK,data/free-quota/gym-seeds/inquiry_20260924.md (nemotron-3-super-120b-a12b:free | 審ISSUES)
20260924,30-music-prompt.job.md,OK,data/free-quota/music-prompts/plan_20260924.md (nemotron-3-super-120b-a12b:free | 審ISSUES)
20260924,31-image-plan.job.md,OK,data/free-quota/image-plans/plan_20260924.md (nemotron-3-super-120b-a12b:free | 審ISSUES)
20260924,10-open-todos.job.md,SKIP,單件題目只在第 1 班跑
20260924,20-gym-seed.job.md,SKIP,單件題目只在第 1 班跑
20260924,30-music-prompt.job.md,SKIP,單件題目只在第 1 班跑
20260924,31-image-plan.job.md,SKIP,單件題目只在第 1 班跑
20260924,40-image-prompt.job.md,OK,扇出 1 件成功 1 件
20260924,41-doc-index.job.md,OK,扇出 2 件成功 2 件
20260924,42-suno-sop.job.md,OK,扇出 2 件成功 2 件
20260924,10-open-todos.job.md,OK,data/free-quota/open-todos/todos_20260924.md (nemotron-3-super-120b-a12b:free | 審稿失敗 | ctx讀到3檔)
20260924,20-gym-seed.job.md,OK,data/free-quota/gym-seeds/inquiry_20260924.md (nemotron-3-super-120b-a12b:free | 審PASS)
20260924,30-music-prompt.job.md,OK,data/free-quota/music-prompts/plan_20260924.md (nemotron-3-super-120b-a12b:free | 審ISSUES)
20260924,31-image-plan.job.md,OK,data/free-quota/image-plans/plan_20260924.md (nemotron-3-super-120b-a12b:free | 審ISSUES)
20260924,40-image-prompt.job.md,OK,扇出 1 件成功 1 件
20260924,41-doc-index.job.md,OK,扇出 2 件成功 2 件
20260924,42-suno-sop.job.md,OK,扇出 2 件成功 2 件
20260925,10-open-todos.job.md,SKIP,單件題目只在第 1 班跑
20260925,20-gym-seed.job.md,SKIP,單件題目只在第 1 班跑
20260925,30-music-prompt.job.md,SKIP,單件題目只在第 1 班跑
20260925,31-image-plan.job.md,SKIP,單件題目只在第 1 班跑
20260925,40-image-prompt.job.md,OK,扇出 8 件成功 8 件
20260925,41-doc-index.job.md,OK,扇出 12 件成功 11 件|[pitfalls.md#L61-120] 全模型失敗或達日上限
20260925,42-suno-sop.job.md,OK,扇出 17 件成功 17 件
20260926,10-open-todos.job.md,SKIP,單件題目只在第 1 班跑
20260926,20-gym-seed.job.md,SKIP,單件題目只在第 1 班跑
20260926,30-music-prompt.job.md,SKIP,單件題目只在第 1 班跑
20260926,31-image-plan.job.md,SKIP,單件題目只在第 1 班跑
20260926,40-image-prompt.job.md,OK,扇出 8 件成功 8 件
20260926,41-doc-index.job.md,OK,扇出 12 件成功 12 件
20260926,42-suno-sop.job.md,OK,扇出 16 件成功 16 件
