page,clicks,impressions,ctr,position
https://www.maplabkitchen.com/,794,13103,6.06,9.2
https://www.maplabkitchen.com/tainan-picnicbox-partybox-recommend/,476,6599,7.21,6.2
https://www.maplabkitchen.com/tai-nan-wai-hui-chang-di-tui-jian-2023/,334,6360,5.25,9.8
https://www.maplabkitchen.com/tai-nan-wai-hui-chang-di-tui-jian/,243,4168,5.83,7.8
https://www.maplabkitchen.com/tainan-catering-cost-guide/,217,4218,5.14,8.2
http://maplabkitchen.com/,154,23788,0.65,17.8
https://www.maplabkitchen.com/catering-one-year-old-party-tainan/,154,1913,8.05,14.9
https://www.maplabkitchen.com/tainan-opening-houseparty-catering/,144,3009,4.79,7.0
https://www.maplabkitchen.com/gender-reveal-party-tips/,125,5305,2.36,9.9
https://www.maplabkitchen.com/business-opening-party-ideas/,114,7164,1.59,6.7
https://www.maplabkitchen.com/elder-birthday-catering-tainan/,103,4661,2.21,7.9
https://www.maplabkitchen.com/corporate-tea-party-desserts/,95,1803,5.27,20.0
https://www.maplabkitchen.com/tainan-beef-soup-story-kinguang/,94,4122,2.28,5.1
https://www.maplabkitchen.com/tainan-custom-catering-menu/,73,2243,3.25,18.4
https://www.maplabkitchen.com/press-conference-catering/,51,961,5.31,6.0
https://www.maplabkitchen.com/tainan-catering-guide/,40,1684,2.38,17.1
https://www.maplabkitchen.com/tainan-full-moon-baby-catering/,30,225,13.33,5.0
https://www.maplabkitchen.com/outdoor-catering-camping-picnic/,19,461,4.12,13.9
https://www.maplabkitchen.com/corporate-tea-party-catering-tips/,18,814,2.21,18.2
https://www.maplabkitchen.com/tag/%E5%8F%B0%E5%8D%97%E5%A4%96%E7%87%B4/,18,879,2.05,24.4
https://www.maplabkitchen.com/vip-expo-catering-business-meeting/,14,414,3.38,8.0
https://www.maplabkitchen.com/%E6%88%B6%E5%A4%96-bbq-%E5%A4%96%E7%87%B4%E6%80%8E%E9%BA%BC%E9%81%B8%EF%BC%9F5-%E5%80%8B%E8%AE%93%E6%B4%BE%E5%B0%8D%E6%9B%B4%E5%AE%8C%E7%BE%8E%E7%9A%84%E9%97%9C%E9%8D%B5/,12,521,2.3,14.4
https://www.maplabkitchen.com/daxin-art-museum-opening-catering/,11,170,6.47,18.4
https://www.maplabkitchen.com/first-birthday-party-zhuazhou-tainan/,11,643,1.71,16.7
https://www.maplabkitchen.com/tainan-catering-buffet-menu/,10,242,4.13,19.8
https://www.maplabkitchen.com/tainan-catering-vs-restaurant-private-room/,10,270,3.7,20.4
https://www.maplabkitchen.com/tainan-birthday-party-catering/,9,50,18.0,6.4
https://www.maplabkitchen.com/tainan-outdoor-wedding-catering/,9,74,12.16,13.0
https://www.maplabkitchen.com/office-catering-planning-tips/,8,284,2.82,9.7
https://www.maplabkitchen.com/tainan-catering-sustainability-guide/,8,77,10.39,11.0
https://www.maplabkitchen.com/join-maplab-catering-partner/,7,185,3.78,12.0
https://www.maplabkitchen.com/tainan-party-venue/,7,548,1.28,13.3
https://www.maplabkitchen.com/tainan-catering-venue-guide/,6,42,14.29,12.8
https://www.maplabkitchen.com/%E7%AF%80%E6%85%B6%E6%B4%BE%E5%B0%8D%E5%A4%96%E7%87%B4%E6%80%8E%E9%BA%BC%E9%81%B8%EF%BC%9F5-%E5%A4%A7%E9%97%9C%E9%8D%B5%E6%89%93%E9%80%A0%E5%AE%8C%E7%BE%8E%E6%B0%9B%E5%9C%8D/,5,168,2.98,45.1
https://www.maplabkitchen.com/category/menu-guide/,5,205,2.44,38.5
https://www.maplabkitchen.com/florist-partners-tainan/,5,268,1.87,9.5
https://www.maplabkitchen.com/tainan-outdoor-party-catering-menu/,5,151,3.31,19.4
https://www.maplabkitchen.com/corporate-catering-tainan/,4,291,1.37,27.7
https://www.maplabkitchen.com/tainan-catering-faq/,4,86,4.65,24.8
https://www.maplabkitchen.com/tainan-catering-menu-guide/,4,298,1.34,35.2
https://www.maplabkitchen.com/tainan-corporate-gathering-catering/,4,92,4.35,8.0
https://www.maplabkitchen.com/%E8%A8%98%E8%80%85%E6%9C%83%E9%A4%90%E9%BB%9E%E6%8E%A8%E8%96%A6%EF%BD%9C%E8%AE%93%E5%93%81%E7%89%8C%E6%B4%BB%E5%8B%95%E6%9B%B4%E6%9C%89%E8%A8%98%E6%86%B6%E9%BB%9E%E7%9A%84%E9%97%9C%E9%8D%B5%E4%B8%80/,3,57,5.26,7.9
https://www.maplabkitchen.com/brand-esg-catering-service/,3,82,3.66,14.1
https://www.maplabkitchen.com/category/catering-faq/,3,41,7.32,18.3
https://www.maplabkitchen.com/category/tainan-area-catering/,3,241,1.24,48.4
https://www.maplabkitchen.com/icc-tainan-catering/,3,83,3.61,22.7
https://www.maplabkitchen.com/wedding-catering-vs-banquet-tainan/,3,163,1.84,18.9
https://www.maplabkitchen.com/about-us-maplabkitchen/,2,264,0.76,6.7
https://www.maplabkitchen.com/category/guide-party-how-to/,2,342,0.58,29.6
https://www.maplabkitchen.com/tag/%E6%80%A7%E5%88%A5%E6%B4%BE%E5%B0%8D%E6%80%8E%E9%BA%BC%E8%BE%A6/,2,67,2.99,38.2
https://www.maplabkitchen.com/tag/%E6%B4%BE%E5%B0%8D%E9%A4%90%E9%BB%9E/,2,43,4.65,18.5
https://www.maplabkitchen.com/tag/%E9%87%8E%E9%A4%90%E9%A4%90%E7%9B%92/,2,31,6.45,17.9
https://www.maplabkitchen.com/tainan-corporate-catering-cost/,2,68,2.94,7.1
https://www.maplabkitchen.com/tainan-family-gathering-catering/,2,44,4.55,12.0
https://www.maplabkitchen.com/category/%E9%96%8B%E5%A7%8B%E8%A8%AD%E8%A8%88%E4%BD%A0%E7%9A%84%E6%B4%BE%E5%B0%8D%E5%90%A7/,1,31,3.23,17.1
https://www.maplabkitchen.com/category/corporate-opening-functions/,1,24,4.17,40.6
https://www.maplabkitchen.com/maplab-kitchen-brand-story/,1,75,1.33,8.4
https://www.maplabkitchen.com/tag/%E4%BC%81%E6%A5%AD%E8%8C%B6%E6%9C%83/,1,4,25.0,8.8
https://www.maplabkitchen.com/tag/%E5%8F%B0%E5%8D%97%E5%A4%96%E7%87%B4%E6%8E%A8%E8%96%A6/,1,12,8.33,63.6
https://www.maplabkitchen.com/tag/%E5%8F%B0%E5%8D%97%E6%B4%BE%E5%B0%8D%E5%A0%B4%E5%9C%B0%E7%A7%9F%E5%80%9F/,1,48,2.08,37.7
https://www.maplabkitchen.com/tag/%E5%95%86%E6%A5%AD%E9%96%8B%E5%B9%95%E6%B4%BB%E5%8B%95/,1,7,14.29,55.9
https://www.maplabkitchen.com/tag/%E6%87%B6%E4%BA%BA%E9%87%8E%E9%A4%90%E6%94%BB%E7%95%A5/,1,3,33.33,12.7
https://www.maplabkitchen.com/tag/%E6%B4%BB%E5%8B%95%E9%A4%90%E9%BB%9E%E6%8E%A8%E8%96%A6/,1,11,9.09,21.7
https://www.maplabkitchen.com/tag/%E6%B4%BE%E5%B0%8D%E4%BC%81%E5%8A%83/,1,126,0.79,42.1
https://www.maplabkitchen.com/tag/%E6%B4%BE%E5%B0%8D%E7%94%9C%E9%BB%9E/,1,4,25.0,26.2
https://www.maplabkitchen.com/tag/%E8%A8%98%E8%80%85%E6%9C%83%E5%A0%B4%E5%9C%B0/,1,469,0.21,17.8
https://www.maplabkitchen.com/tag/%E9%87%91%E5%BB%A3%E7%89%9B%E8%82%89%E6%B9%AF/,1,398,0.25,9.6
https://www.maplabkitchen.com/tag/%E9%9C%B2%E7%87%9F%E5%A4%96%E7%87%B4%E6%8E%A8%E8%96%A6/,1,21,4.76,20.6
https://www.maplabkitchen.com/tainan-catering-buffet-vs-traditional/,1,45,2.22,12.2
https://www.maplabkitchen.com/tainan-catering-not-suitable-situations/,1,12,8.33,5.6
https://www.maplabkitchen.com/tainan-catering-venue-selection-2026/,1,52,1.92,11.4
https://www.maplabkitchen.com/tainan-corporate-opening-tea-catering/,1,13,7.69,7.5
https://www.maplabkitchen.com/%E5%93%81%E7%89%8C-esg-%E6%B4%BB%E5%8B%95%EF%BD%9C%E5%BE%9E%E9%A0%92%E7%8D%8E%E5%85%B8%E7%A6%AE%E5%88%B0%E7%A7%91%E6%8A%80%E7%99%BC%E8%A1%A8%EF%BC%8C%E5%B0%88%E6%A5%AD%E7%AD%96%E5%8A%83%E8%AE%93/,0,2,0,22
https://www.maplabkitchen.com/%E5%B7%A5%E5%95%86%E4%BB%A3%E8%B3%BC%E6%9C%8D%E5%8B%99/,0,12,0,14.4
https://www.maplabkitchen.com/%E7%AF%80%E6%85%B6%E6%B4%BE%E5%B0%8D%E5%A4%96%E7%87%B4%E6%80%8E%E9%BA%BC%E9%81%B8%EF%BC%9F5-%E5%A4%A7%E9%97%9C%E9%8D%B5%E6%89%93%E9%80%A0%E5%AE%8C%E7%BE%8E%E6%B0%9B%E5%9C%8D/#section-2,0,1,0,5
https://www.maplabkitchen.com/%E7%AF%80%E6%85%B6%E6%B4%BE%E5%B0%8D%E5%A4%96%E7%87%B4%E6%80%8E%E9%BA%BC%E9%81%B8%EF%BC%9F5-%E5%A4%A7%E9%97%9C%E9%8D%B5%E6%89%93%E9%80%A0%E5%AE%8C%E7%BE%8E%E6%B0%9B%E5%9C%8D/#section-3,0,1,0,5
https://www.maplabkitchen.com/%E7%AF%80%E6%85%B6%E6%B4%BE%E5%B0%8D%E5%A4%96%E7%87%B4%E6%80%8E%E9%BA%BC%E9%81%B8%EF%BC%9F5-%E5%A4%A7%E9%97%9C%E9%8D%B5%E6%89%93%E9%80%A0%E5%AE%8C%E7%BE%8E%E6%B0%9B%E5%9C%8D/#section-4,0,1,0,5
https://www.maplabkitchen.com/business-opening-party-ideas/#section-1,0,217,0,8.9
https://www.maplabkitchen.com/business-opening-party-ideas/#section-2,0,211,0,8.9
https://www.maplabkitchen.com/business-opening-party-ideas/#section-3,0,128,0,9.4
https://www.maplabkitchen.com/category/%E9%9D%88%E6%84%9F%E3%80%81%E6%B4%BE%E5%B0%8D%E3%80%81%E5%A4%96%E7%87%B4%EF%BC%8C%E5%BE%9E%E9%80%99%E8%A3%A1%E9%96%8B%E5%A7%8B/,0,9,0,9.3
https://www.maplabkitchen.com/category/case-demo/birthday-catering-case/,0,15,0,35.7
https://www.maplabkitchen.com/category/case-demo/wedding-catering-case/,0,2,0,57
https://www.maplabkitchen.com/category/festival/,0,12,0,4.8
https://www.maplabkitchen.com/category/journal-note/,0,4,0,15
https://www.maplabkitchen.com/category/party-birthday-gender/,0,7,0,10.7
https://www.maplabkitchen.com/catering-one-year-old-party-tainan/#section-1,0,158,0,7.7
https://www.maplabkitchen.com/catering-one-year-old-party-tainan/#section-2,0,182,0,7.7
https://www.maplabkitchen.com/catering-one-year-old-party-tainan/#section-3,0,174,0,7.9
https://www.maplabkitchen.com/catering-one-year-old-party-tainan/#section-4,0,171,0,7.8
https://www.maplabkitchen.com/corporate-tea-party-catering-tips/#section-1,0,179,0,10.1
https://www.maplabkitchen.com/corporate-tea-party-catering-tips/#section-2,0,179,0,10.1
https://www.maplabkitchen.com/policy-cancellation/,0,16,0,3.4
https://www.maplabkitchen.com/press-conference-catering/#section-2,0,4,0,7.5
https://www.maplabkitchen.com/press-conference-catering/#section-3,0,4,0,7.5
https://www.maplabkitchen.com/press-conference-catering/#section-5,0,1,0,8
https://www.maplabkitchen.com/privacy-policy/,0,4,0,17.8
https://www.maplabkitchen.com/tag/%E4%B8%89%E4%BB%A3%E5%90%8C%E5%A0%82%E8%81%9A%E9%A4%90/,0,24,0,5.9
https://www.maplabkitchen.com/tag/%E4%B8%8B%E5%8D%88%E8%8C%B6%E5%A4%96%E7%87%B4/,0,32,0,36.1
https://www.maplabkitchen.com/tag/%E4%B8%AD%E5%BC%8F%E5%A3%BD%E5%AE%B4%E5%A4%96%E7%87%B4/,0,9,0,17
https://www.maplabkitchen.com/tag/%E4%BC%81%E6%A5%AD%E5%AE%B6%E5%BA%AD%E6%97%A5/,0,2,0,7
https://www.maplabkitchen.com/tag/%E4%BC%81%E6%A5%AD%E6%B4%BB%E5%8B%95%E5%A4%96%E7%87%B4/,0,1,0,1
https://www.maplabkitchen.com/tag/%E4%BC%81%E6%A5%AD%E6%B4%BB%E5%8B%95/,0,1,0,7
https://www.maplabkitchen.com/tag/%E4%BC%81%E6%A5%AD%E9%BB%9E%E5%BF%83%E6%8E%A8%E8%96%A6/,0,8,0,7.9
https://www.maplabkitchen.com/tag/%E5%85%A5%E5%8E%9D/,0,5,0,47.4
https://www.maplabkitchen.com/tag/%E5%85%AC%E5%8F%B8%E9%96%8B%E5%B9%95%E5%A4%96%E7%87%B4/,0,2,0,18
https://www.maplabkitchen.com/tag/%E5%85%AC%E8%A8%AD%E6%B4%BE%E5%B0%8D/,0,4,0,10.8
https://www.maplabkitchen.com/tag/%E5%85%AC%E9%97%9C%E6%B4%BB%E5%8B%95/,0,2,0,8
https://www.maplabkitchen.com/tag/%E5%8D%97%E9%83%A8%E5%A4%96%E7%87%B4/,0,5,0,23
https://www.maplabkitchen.com/tag/%E5%8F%B0%E5%8D%97%E5%8C%97%E5%8D%80/,0,1,0,2
https://www.maplabkitchen.com/tag/%E5%8F%B0%E5%8D%97%E5%9C%A8%E5%9C%B0/,0,1,0,2
https://www.maplabkitchen.com/tag/%E5%8F%B0%E5%8D%97%E5%A3%BD%E5%AE%B4%E5%A4%96%E7%87%B4/,0,5,0,13.8
https://www.maplabkitchen.com/tag/%E5%8F%B0%E5%8D%97%E5%A4%96%E5%B8%B6/,0,3,0,11.7
https://www.maplabkitchen.com/tag/%E5%8F%B0%E5%8D%97%E5%A4%96%E7%87%B4%E5%A0%B4%E5%9C%B0%E6%8E%A8%E8%96%A6/,0,1,0,1
https://www.maplabkitchen.com/tag/%E5%8F%B0%E5%8D%97%E5%A4%96%E7%87%B4%E5%A0%B4%E5%9C%B0/,0,11,0,6.4
https://www.maplabkitchen.com/tag/%E5%8F%B0%E5%8D%97%E5%A4%96%E7%87%B4/page/2/,0,27,0,50.9
https://www.maplabkitchen.com/tag/%E5%8F%B0%E5%8D%97%E6%80%A7%E5%88%A5%E6%8F%AD%E6%9B%89%E6%B4%BE%E5%B0%8D%E6%8E%A8%E8%96%A6/,0,10,0,50
https://www.maplabkitchen.com/tag/%E5%8F%B0%E5%8D%97%E6%88%B6%E5%A4%96%E5%A9%9A%E7%A6%AE%E5%A0%B4%E5%9C%B0/,0,26,0,23
https://www.maplabkitchen.com/tag/%E5%8F%B0%E5%8D%97%E6%8A%93%E9%80%B1/,0,3,0,21
https://www.maplabkitchen.com/tag/%E5%8F%B0%E5%8D%97%E6%9C%83%E5%B1%95%E5%A4%96%E7%87%B4/,0,9,0,10.6
https://www.maplabkitchen.com/tag/%E5%8F%B0%E5%8D%97%E6%B4%BE%E5%B0%8D%E6%9C%8D%E5%8B%99/,0,7,0,46.9
https://www.maplabkitchen.com/tag/%E5%8F%B0%E5%8D%97%E7%89%9B%E8%82%89%E6%B9%AF/,0,5,0,14.4
https://www.maplabkitchen.com/tag/%E5%8F%B0%E5%8D%97%E7%BE%8E%E9%A3%9F/,0,1,0,2
https://www.maplabkitchen.com/tag/%E5%8F%B0%E5%8D%97%E8%BC%95%E9%A3%9F/,0,9,0,37.8
https://www.maplabkitchen.com/tag/%E5%8F%B0%E5%8D%97%E9%80%B1%E6%AD%B2%E6%B4%BE%E5%B0%8D/,0,2,0,10
https://www.maplabkitchen.com/tag/%E5%8F%B0%E5%8D%97%E9%81%A9%E5%90%88%E8%BE%A6%E6%B4%BB%E5%8B%95%E7%9A%84%E5%A0%B4%E5%9C%B0/,0,89,0,56.0
https://www.maplabkitchen.com/tag/%E5%8F%B0%E5%8D%97%E9%87%8E%E9%A4%90%E5%A4%96%E7%87%B4/,0,3,0,88.7
https://www.maplabkitchen.com/tag/%E5%8F%B0%E5%8D%97%E9%87%8E%E9%A4%90/,0,15,0,34.9
https://www.maplabkitchen.com/tag/%E5%91%A8%E6%AD%B2%E6%B4%BE%E5%B0%8D/,0,1,0,16
https://www.maplabkitchen.com/tag/%E5%93%81%E7%89%8C%E5%BD%A2%E8%B1%A1/,0,1,0,19
https://www.maplabkitchen.com/tag/%E5%93%81%E7%89%8C%E6%95%85%E4%BA%8B/,0,1,0,5
https://www.maplabkitchen.com/tag/%E5%93%81%E7%89%8C%E6%B2%99%E9%BE%8D%E9%BB%9E%E5%BF%83/,0,1,0,11
https://www.maplabkitchen.com/tag/%E5%93%81%E7%89%8C%E6%B4%BB%E5%8B%95%E5%A4%96%E7%87%B4/,0,2,0,8
https://www.maplabkitchen.com/tag/%E5%93%81%E7%89%8C%E7%99%BC%E8%A1%A8%E6%9C%83/,0,2,0,2.5
https://www.maplabkitchen.com/tag/%E5%95%86%E5%8B%99%E9%A4%90%E9%BB%9E%E8%A6%8F%E5%8A%83/,0,28,0,15.2
https://www.maplabkitchen.com/tag/%E5%95%86%E6%A5%AD%E9%A4%90%E6%9C%83/,0,2,0,22.5
https://www.maplabkitchen.com/tag/%E5%9C%A8%E5%AE%B6%E6%85%B6%E7%94%9F/,0,2,0,10
https://www.maplabkitchen.com/tag/%E5%A3%BD%E5%AE%B4%E5%A4%96%E7%87%B4/,0,4,0,8.8
https://www.maplabkitchen.com/tag/%E5%A3%BD%E5%AE%B4%E7%94%9C%E9%BB%9E%E6%A1%8C/,0,7,0,6.4
https://www.maplabkitchen.com/tag/%E5%A3%BD%E5%AE%B4%E8%8F%9C%E5%96%AE%E6%8E%A8%E8%96%A6/,0,9,0,22.2
https://www.maplabkitchen.com/tag/%E5%A4%96%E7%87%B4%E6%8E%A8%E8%96%A6/,0,3,0,7
https://www.maplabkitchen.com/tag/%E5%A4%96%E7%87%B4%E8%8F%9C%E5%96%AE%E8%A8%AD%E8%A8%88/,0,6,0,6.7
https://www.maplabkitchen.com/tag/%E5%A4%A7%E6%96%B0%E7%BE%8E%E8%A1%93%E9%A4%A8/,0,1,0,13
https://www.maplabkitchen.com/tag/%E5%A5%B3%E5%8A%9B%E6%B4%BB%E5%8B%95%E9%A4%90%E9%BB%9E/,0,1,0,7
https://www.maplabkitchen.com/tag/%E5%A9%9A%E7%A6%AE%E5%A4%96%E7%87%B4%E6%8E%A8%E8%96%A6/,0,2,0,24.5
https://www.maplabkitchen.com/tag/%E5%A9%9A%E7%A6%AE%E5%A4%96%E7%87%B4/,0,7,0,5.3
https://www.maplabkitchen.com/tag/%E5%AA%92%E9%AB%94%E8%8C%B6%E9%BB%9E/,0,1,0,17
https://www.maplabkitchen.com/tag/%E5%AA%BD%E5%AA%BD%E6%8E%A8%E8%96%A6/,0,2,0,37.5
https://www.maplabkitchen.com/tag/%E5%AE%A2%E8%A3%BD%E5%8C%96%E4%BD%88%E7%BD%AE/,0,1,0,39
https://www.maplabkitchen.com/tag/%E5%AE%A2%E8%A3%BD%E5%8C%96%E7%94%9C%E9%BB%9E%E6%A1%8C/,0,4,0,7.5
https://www.maplabkitchen.com/tag/%E5%B1%95%E8%A6%BD%E5%A4%96%E7%87%B4%E6%8E%A8%E8%96%A6/,0,18,0,10.2
https://www.maplabkitchen.com/tag/%E5%BE%A9%E6%B4%BB%E7%AF%80%E6%B4%BE%E5%B0%8D/,0,3,0,25
https://www.maplabkitchen.com/tag/%E6%80%A7%E5%88%A5%E6%8F%AD%E6%9B%89%E6%B4%BE%E5%B0%8D/,0,1,0,61
https://www.maplabkitchen.com/tag/%E6%88%B6%E5%A4%96%E5%A9%9A%E7%A6%AE%E5%A4%96%E7%87%B4/,0,15,0,28.1
https://www.maplabkitchen.com/tag/%E6%8A%93%E5%91%A8%E5%A4%96%E7%87%B4/,0,33,0,16.2
https://www.maplabkitchen.com/tag/%E6%8A%93%E5%91%A8%E6%B4%BE%E5%B0%8D/,0,1,0,49
https://www.maplabkitchen.com/tag/%E6%96%B0%E5%B9%B4%E6%B4%BE%E5%B0%8D/,0,6,0,9.2
https://www.maplabkitchen.com/tag/%E6%B0%B8%E7%BA%8C%E5%A4%96%E7%87%B4/,0,10,0,18
https://www.maplabkitchen.com/tag/%E6%B4%BB%E5%8B%95%E4%BD%88%E7%BD%AE%E9%9D%88%E6%84%9F/,0,47,0,42.7
https://www.maplabkitchen.com/tag/%E6%B4%BB%E5%8B%95%E5%A4%96%E7%87%B4/,0,1,0,10
https://www.maplabkitchen.com/tag/%E6%B4%BB%E5%8B%95%E6%95%B4%E5%90%88%E7%AD%96%E5%8A%83/,0,1,0,8
https://www.maplabkitchen.com/tag/%E6%B4%BE%E5%B0%8D%E5%A4%96%E7%87%B4%E6%87%B6%E4%BA%BA%E5%8C%85/,0,8,0,41.8
https://www.maplabkitchen.com/tag/%E7%81%AB%E9%9B%9E%E5%A4%A7%E9%A4%90/,0,7,0,61.6
https://www.maplabkitchen.com/tag/%E7%83%A4%E9%9B%9E%E5%A4%A7%E9%A4%90/,0,1,0,74
https://www.maplabkitchen.com/tag/%E7%94%9C%E9%B9%B9%E9%BB%9E%E5%BF%83%E7%9B%92/,0,2,0,14
https://www.maplabkitchen.com/tag/%E7%A7%91%E6%8A%80%E6%A5%AD%E5%A4%96%E7%87%B4/,0,3,0,6
https://www.maplabkitchen.com/tag/%E7%BE%8E%E8%A1%93%E9%A4%A8%E8%8C%B6%E6%9C%83/,0,1,0,15
https://www.maplabkitchen.com/tag/%E8%81%96%E8%AA%95%E6%B4%BE%E5%B0%8D/,0,1,0,17
https://www.maplabkitchen.com/tag/%E8%81%B7%E4%BA%BA%E6%95%85%E4%BA%8B/,0,1,0,20
https://www.maplabkitchen.com/tag/%E8%8C%B6%E6%9C%83%E9%BB%9E%E5%BF%83/,0,4,0,9.5
https://www.maplabkitchen.com/tag/%E8%A6%AA%E5%AD%90%E6%85%B6%E7%94%9F%E6%B4%BB%E5%8B%95/,0,1,0,31
https://www.maplabkitchen.com/tag/%E8%A8%98%E8%80%85%E6%9C%83%E9%A4%90%E9%A3%B2/,0,4,0,13.2
https://www.maplabkitchen.com/tag/%E8%A8%98%E8%80%85%E6%9C%83%E9%A4%90%E9%BB%9E/,0,2,0,10
https://www.maplabkitchen.com/tag/%E8%A8%98%E8%80%85%E6%9C%83%E9%BB%9E%E5%BF%83%E6%8E%A8%E8%96%A6/,0,2,0,33
https://www.maplabkitchen.com/tag/%E8%AC%9B%E5%BA%A7%E8%8C%B6%E9%BB%9E/,0,15,0,7.3
https://www.maplabkitchen.com/tag/%E8%BF%8E%E8%B3%93%E8%8C%B6%E9%BB%9E/,0,2,0,21.5
https://www.maplabkitchen.com/tag/%E9%80%B1%E6%AD%B2%E6%B4%BB%E5%8B%95%E5%A0%B4%E5%9C%B0/,0,2,0,24.5
https://www.maplabkitchen.com/tag/%E9%80%B1%E6%AD%B2%E6%B4%BE%E5%B0%8D%E5%A0%B4%E5%9C%B0-%E5%8F%B0%E5%8D%97/,0,2,0,23
https://www.maplabkitchen.com/tag/%E9%80%B1%E6%AD%B2%E6%B4%BE%E5%B0%8D/,0,2,0,5
https://www.maplabkitchen.com/tag/%E9%95%B7%E8%BC%A9%E6%85%B6%E7%94%9F/,0,19,0,20.2
https://www.maplabkitchen.com/tag/%E9%95%B7%E8%BC%A9%E7%94%9F%E6%97%A5%E5%A4%96%E7%87%B4/,0,4,0,35
https://www.maplabkitchen.com/tag/%E9%96%8B%E5%B9%95%E5%84%80%E5%BC%8F/,0,4,0,55
https://www.maplabkitchen.com/tag/%E9%96%8B%E5%B9%95%E5%A4%96%E7%87%B4/,0,3,0,34.7
https://www.maplabkitchen.com/tag/%E9%96%8B%E5%B9%95%E6%B4%BE%E5%B0%8D/,0,2,0,39
https://www.maplabkitchen.com/tag/%E9%A0%92%E7%8D%8E%E5%85%B8%E7%A6%AE%E5%A4%96%E7%87%B4/,0,1,0,8
https://www.maplabkitchen.com/tag/%E9%AB%98%E8%B3%AA%E6%84%9F%E5%A4%96%E7%87%B4/,0,6,0,22.5
https://www.maplabkitchen.com/tag/%E9%AB%98%E8%B3%AA%E6%84%9F%E6%B4%BE%E5%B0%8D%E8%A8%AD%E8%A8%88/,0,1,0,14
https://www.maplabkitchen.com/tag/%E9%AB%98%E8%B3%AA%E6%84%9F%E8%8C%B6%E9%BB%9E/,0,1,0,7
https://www.maplabkitchen.com/tag/bbq%E5%A4%96%E7%87%B4/,0,1,0,2
https://www.maplabkitchen.com/tag/csr/,0,4,0,4
https://www.maplabkitchen.com/tag/genderrevealparty/,0,28,0,12.6
https://www.maplabkitchen.com/tag/maplab-kitchen/,0,68,0,15.4
https://www.maplabkitchen.com/tag/vip-%E5%AE%A2%E6%88%B6%E6%8E%A5%E5%BE%85/,0,2,0,28
https://www.maplabkitchen.com/tainan-catering-cost-guide/#section-1,0,1992,0,7.3
https://www.maplabkitchen.com/tainan-catering-cost-guide/#section-3,0,1987,0,7.3
https://www.maplabkitchen.com/tainan-catering-cost-guide/#section-4,0,1474,0,7.2
https://www.maplabkitchen.com/tainan-catering-guide/#section-1,0,23,0,9.3
https://www.maplabkitchen.com/tainan-catering-guide/#section-2,0,26,0,9.2
https://www.maplabkitchen.com/tainan-catering-guide/#section-3,0,25,0,9.3
https://www.maplabkitchen.com/tainan-catering-guide/#section-4,0,23,0,9.3
https://www.maplabkitchen.com/tainan-catering-guide/#section-7,0,27,0,9.1
https://www.maplabkitchen.com/tainan-catering-guide/#section-8,0,28,0,9
https://www.maplabkitchen.com/tainan-catering-guide/#section-9,0,30,0,9.1
https://www.maplabkitchen.com/tainan-catering-line-inquiry-guide/,0,20,0,29.1
https://www.maplabkitchen.com/tainan-catering-vs-restaurant/,0,17,0,24.9
https://www.maplabkitchen.com/tainan-launch-event-catering/,0,11,0,4.5
https://www.maplabkitchen.com/tainan-opening-houseparty-catering/#section-2,0,60,0,10.4
https://www.maplabkitchen.com/tainan-opening-houseparty-catering/#section-3,0,59,0,10.4
https://www.maplabkitchen.com/tainan-opening-houseparty-catering/#section-4,0,60,0,10.4
https://www.maplabkitchen.com/tainan-picnic-catering/,0,168,0,11.0
https://www.maplabkitchen.com/tainan-small-wedding-catering/,0,2,0,11.5
https://www.maplabkitchen.com/tainan-wedding-catering-cost/,0,3,0,7
https://www.maplabkitchen.com/tainan-wedding-welcome-canapes/,0,1,0,17
https://www.maplabkitchen.com/wp-content/uploads/2025/06/Artisan-Fishcake-Tartare-Bites-Customized.webp.webp,0,1,0,26
https://www.maplabkitchen.com/wp-content/uploads/2025/06/custom-party-snack-box-tainan.jpg.webp,0,1,0,15
https://www.maplabkitchen.com/wp-content/uploads/2025/06/tainan-party-panna-cotta.webp,0,1,0,28
https://www.maplabkitchen.com/wp-content/uploads/2025/07/tainan-outdoor-catering-dessert-table-683x1024.jpg,0,1,0,30
https://www.maplabkitchen.com/wp-content/uploads/2025/09/bank-branch-corporate-catering-dessert-table-exchange-rate-screen-1.webp-1.webp,0,1,0,16
