編號	廣告	版位	欄位	現行文案(帳號上的字)	閘門命中	本線建議新字	Owner 定稿(請改這一欄)	備註
1	MAPLAB 01 P0週歲單圖	第1版	內文	滿週歲那天只有一次。最想做的事是把手空出來抱孩子、拍照、跟來的人說話。甜點桌這一件可以先聊。快預約下一場派對。	通過			
2	MAPLAB 01 P0週歲單圖	第2版	內文	週歲那天,媽媽通常是最後一個坐下來吃東西的人。甜點桌這一塊先交出去,那天就能多抱孩子幾次。快預約下一場派對。	匱乏敘事、把工作丟回客人	週歲那天你只要抱孩子、拍照、跟來的人說話,甜點桌交給我們。快預約下一場派對。		要換
3	MAPLAB 01 P0週歲單圖	第3版	內文	孩子滿週歲,長輩會來、朋友會來、相機會一直響。餐點這一件先談好,當天就少一件要顧。儘速預約檔期。	通過			
4	MAPLAB 01 P0週歲單圖	第4版	內文	抓周儀式結束後,賓客會往桌子旁邊走。那張桌子先聊清楚,媽媽當天就不用再分心。快預約下一場派對。	通過			
5	MAPLAB 02 P0週歲輪播4卡	分卡	標題	你也在找抓周那天的甜點桌嗎	通過			
6	MAPLAB 02 P0週歲輪播4卡	分卡	描述	來的長輩與朋友吃到什麼,頁面上看得到	通過			
7	MAPLAB 02 P0週歲輪播4卡	分卡	標題	一場長輩會一直提起的週歲宴	通過			
8	MAPLAB 02 P0週歲輪播4卡	分卡	描述	長輩與朋友那天吃什麼,可以先一起談	通過			
9	MAPLAB 02 P0週歲輪播4卡	分卡	標題	那天你只要專心抱孩子	通過			
10	MAPLAB 02 P0週歲輪播4卡	分卡	描述	賓客那一桌先交出來談,你當天就少顧一件	把工作丟回客人	賓客那一桌交給我們,你當天就少顧一件		要換
11	MAPLAB 02 P0週歲輪播4卡	分卡	標題	打造專屬孩子的滿週歲	通過			
12	MAPLAB 02 P0週歲輪播4卡	分卡	描述	你想要的樣子先說,頁面上有做過的場次可以對照	通過			
13	MAPLAB 02 P0週歲輪播4卡	主文案	內文	(輪播共用那一段):	—			抽取雜訊,不是文案
14	MAPLAB 03 TA3企業HR茶會	第1版	內文	中場十五分鐘,行政窗口常常是最後一個吃到東西的人。茶點這一件可以先交出來談。儘速預約檔期。	匱乏敘事、把工作丟回客人、指名職務、沒有主體	中場十五分鐘,你安心招呼來的人,茶點交給我們。頁面上有菜單與做過的企業場次。儘速預約檔期。		要換
15	MAPLAB 03 TA3企業HR茶會	第2版	內文	訂茶點這件事常常落在行政同事身上,而且是在本來就滿檔的那一週。這一塊可以先交出來談。儘速預約檔期。	匱乏敘事、把工作丟回客人、指名職務	茶點交給我們,你只要把時間留給議程與來的人。頁面上有菜單可以先看。儘速預約檔期。		要換
16	MAPLAB 03 TA3企業HR茶會	第3版	內文	會議中場,主辦的同事要顧的是議程與講者,不是誰的杯子空了。茶點這條線先分出來。儘速預約檔期。	把工作丟回客人	會議中場,議程與講者你顧,茶點交給我們。儘速預約檔期。		要換
17	MAPLAB 03 TA3企業HR茶會	第4版	內文	企業茶會當天,行政窗口要同時顧報到、顧場地、顧時間。茶點這一塊可以先交出來談。儘速預約檔期。	匱乏敘事、把工作丟回客人、指名職務、沒有主體	企業茶會當天,報到與場地你顧,茶點交給我們。頁面上有做過的場次可以對照。儘速預約檔期。		要換
18	MAPLAB 04 V1週歲甜點塔影片	第1版	內文	那天會過得很快。抱著孩子、被長輩圍著問、相機一直在響。甜點桌這一塊先聊好,當天就不用再想。快預約下一場派對。	通過			
19	MAPLAB 04 V1週歲甜點塔影片	第2版	內文	週歲那天,爸爸媽媽的手幾乎沒空過。甜點桌這一塊先談好,就能把手留給孩子。快預約下一場派對。	匱乏敘事	週歲那天,你的手留給孩子,甜點桌交給我們。快預約下一場派對。		要換
20	MAPLAB 04 V1週歲甜點塔影片	第3版	內文	來的長輩會問東問西,孩子會哭會笑,相機不會停。餐點這一件先交出去,當天輕一點。快預約下一場派對。	把工作丟回客人	來的長輩會問東問西,孩子會哭會笑,相機不會停。餐點交給我們,你那天輕一點。快預約下一場派對。		要換
21	MAPLAB 04 V1週歲甜點塔影片	第4版	內文	抓周結束,大家會圍到桌邊拍照。那張桌子先聊清楚,媽媽就不用當天才想。儘速預約檔期。	通過			
22	MAPLAB 05 TA2戶外婚禮	第1版	內文	戶外婚禮當天,新人幾乎沒有時間走到餐桌旁邊。賓客等的那一桌,先談清楚再交出去。儘速預約檔期。	匱乏敘事、把工作丟回客人	戶外婚禮當天,你們專心走完儀式,賓客那一桌交給我們。儘速預約檔期。		要換
23	MAPLAB 05 TA2戶外婚禮	第2版	內文	戶外婚禮,新人整場都在被拍照與被敬酒。賓客的那一桌先談清楚,當天就不用再回頭顧。儘速預約檔期。	通過			
24	MAPLAB 05 TA2戶外婚禮	第3版	內文	婚禮當天,新人最想留的是跟家人說到話的時間。餐點這一塊可以先交出來談。儘速預約檔期。	把工作丟回客人	婚禮當天,你把時間留給家人,餐點交給我們。儘速預約檔期。		要換
25	MAPLAB 05 TA2戶外婚禮	第4版	內文	賓客先到、儀式後才開動,中間那段時間最容易冷場。這一段怎麼接,可以先一起談。儘速預約檔期。	通過			
26	MAPLAB 06 B4公關開幕輪播3卡	分卡	標題	你也在找開幕那天的餐點嗎	通過			
27	MAPLAB 06 B4公關開幕輪播3卡	分卡	描述	來的客人吃到什麼,頁面上有菜單與做過的場次	通過			
28	MAPLAB 06 B4公關開幕輪播3卡	分卡	標題	一場來的人都吃得開心的開幕茶會	通過			
29	MAPLAB 06 B4公關開幕輪播3卡	分卡	描述	客人那一桌先談好,你那天只要專心跟人說話	通過			
30	MAPLAB 06 B4公關開幕輪播3卡	分卡	標題	打造專屬你們品牌的開幕派對	通過			
31	MAPLAB 06 B4公關開幕輪播3卡	分卡	描述	你想要的樣子先說,頁面上有實際場次可以對照	通過			
32	MAPLAB 06 B4公關開幕輪播3卡	主文案	內文	(輪播共用那一段):	—			抽取雜訊,不是文案
33	MAPLAB 07 C2入厝派對(備位)	第1版	內文	新家第一次請人來,主人最想做的是帶大家走一圈,不是站在廚房裡。餐點這一塊先聊。快預約下一場入厝派對。	通過			
34	MAPLAB 07 C2入厝派對(備位)	第2版	內文	新家第一次請客,主人想做的是帶大家看房子,不是在廚房裡顧火。餐點這一塊先聊。快預約下一場入厝派對。	通過			
35	MAPLAB 07 C2入厝派對(備位)	第3版	內文	入厝那天來的都是熟人,反而更不好意思讓大家等。桌面這一件可以先交出來談。快預約下一場入厝派對。	把工作丟回客人	入厝那天來的都是熟人,你帶大家走一圈,桌面交給我們。快預約下一場入厝派對。		要換
36	MAPLAB 07 C2入厝派對(備位)	第4版	內文	請家人朋友來看新家,主人最想的是坐下來一起吃。餐點先談好。儘速預約檔期。	通過			
37	MAPLAB 08 C3長輩壽宴(備位)	第1版	內文	壽宴那天,長輩最想看到的是兒孫坐在旁邊,不是誰在端盤子。菜單與桌面先談好。儘速預約檔期。	通過			
38	MAPLAB 08 C3長輩壽宴(備位)	第2版	內文	壽宴當天,壽星想的是跟兒孫多說幾句話。菜單與桌面先談好,當天就不用有人一直起身。儘速預約檔期。	通過			
39	MAPLAB 08 C3長輩壽宴(備位)	第3版	內文	長輩的壽宴,家人常常忙到自己沒吃幾口。餐點這一塊可以先交出來談。儘速預約檔期。	匱乏敘事、把工作丟回客人	長輩的壽宴,你陪著長輩坐下來,菜單與桌面交給我們。儘速預約檔期。		要換
40	MAPLAB 08 C3長輩壽宴(備位)	第4版	內文	幫長輩辦壽宴,最難的是讓每一桌都吃得下去。長輩的忌口先講,再來談菜單。儘速預約檔期。	通過			
41	MAPLAB 09 B5研討會茶點	第1版	內文	研討會當天,主辦的人要盯的是講者與時間。茶點這條線可以先分出來談。儘速預約檔期。	把工作丟回客人	研討會當天,講者與時間你盯,茶點交給我們。儘速預約檔期。		要換
42	MAPLAB 09 B5研討會茶點	第2版	內文	研討會中場,主辦的同事通常還在台邊處理事情。茶點這一塊可以先分出來談。儘速預約檔期。	把工作丟回客人	研討會中場,台邊的事你顧,茶點交給我們。儘速預約檔期。		要換
43	MAPLAB 09 B5研討會茶點	第3版	內文	全天議程,講者要顧、報到要顧、時間要顧。茶點這條線先交出去,主辦就少一件事。儘速預約檔期。	把工作丟回客人	全天議程,講者與報到你顧,茶點交給我們。儘速預約檔期。		要換
44	MAPLAB 09 B5研討會茶點	第4版	內文	與會的人中場只有十幾分鐘。這段要讓大家順手拿到東西,場次先講清楚。儘速預約檔期。	通過			
45	MAPLAB 10 建商案場活動	第1版	內文	案場接待當天要顧的是來看房的人,不是茶點桌。活動檔期可以先一起排,儘速預約檔期。	通過			
46	MAPLAB 10 建商案場活動	第2版	內文	案場活動當天,接待要顧的是來看房的客人,不是茶水。這一塊可以先交出來談。儘速預約檔期。	把工作丟回客人	案場活動當天,接待專心顧來看房的客人,茶水交給我們。儘速預約檔期。		要換
47	MAPLAB 10 建商案場活動	第3版	內文	週末帶看人潮集中,接待人手通常不夠。茶點這條線先分出去。儘速預約檔期。	匱乏敘事、把工作丟回客人	週末帶看,你顧來看房的客人,茶點交給我們。儘速預約檔期。		要換
48	MAPLAB 10 建商案場活動	第4版	內文	來看房的客人會待上一段時間,桌邊是他們停下來的地方。檔期可以先一起排,儘速預約檔期。	通過			
49	MAPLAB 11 TA2婚禮點心Bar實拍影片	第1版	內文	婚禮那天,新人幾乎沒有機會走到餐桌旁邊。賓客等的那一桌先談清楚再交出去,你那天只要專心把每一位朋友看過一輪。儘速預約檔期。	匱乏敘事、把工作丟回客人	婚禮那天你只要把每一位朋友看過一輪,賓客那一桌交給我們。儘速預約檔期。		要換
50	MAPLAB 11 TA2婚禮點心Bar實拍影片	第2版	內文	你那天要換裝、要拍照、要被每一桌叫住,能坐下來吃一口的時間幾乎沒有。點心這一條先交出來談。儘速預約檔期。	匱乏敘事、把工作丟回客人	你去換裝、去拍照的那段時間,點心交給我們。頁面上有菜單與做過的場次。儘速預約檔期。		要換
51	MAPLAB 11 TA2婚禮點心Bar實拍影片	第3版	內文	來的朋友那天吃到什麼,是你事後最常被問到的一件事。這一塊可以先一起談。儘速預約檔期。	通過			
52	MAPLAB 11 TA2婚禮點心Bar實拍影片	第4版	內文	婚禮當天你只要顧好彼此和來的人,賓客那一桌先交出來談。頁面上有菜單與做過的場次。儘速預約檔期。	把工作丟回客人	婚禮當天你只要顧好彼此和來的人,賓客那一桌交給我們。頁面上有菜單與做過的場次。儘速預約檔期。		要換
53	MAPLAB 12 TA3企業活動實拍影片	第1版	內文	公益酒會那天,負責的窗口從第一位賓客進場就沒停過。餐點這條線先交出來談,當天你只要顧來的人。儘速預約檔期。	匱乏敘事、把工作丟回客人、指名職務	公益酒會那天,你顧來的人,餐點交給我們。儘速預約檔期。		要換
54	MAPLAB 12 TA3企業活動實拍影片	第2版	內文	企業活動當天,主辦的同事要顧來賓、顧時間、顧長官,餐點不該再多佔一份心力。這一塊先交出來談。儘速預約檔期。	匱乏敘事、把工作丟回客人	企業活動當天,來賓與時間你顧,餐點交給我們。這一塊可以先一起談。儘速預約檔期。		要換
55	MAPLAB 12 TA3企業活動實拍影片	第3版	內文	對外的場子,來的人吃到什麼就是你們品牌那天給人的印象。這一塊可以先一起談。儘速預約檔期。	通過			
56	MAPLAB 12 TA3企業活動實拍影片	第4版	內文	你那天要陪每一位來賓說上話,餐點這條線先分出來。頁面上有菜單與做過的企業場次。儘速預約檔期。	把工作丟回客人	你那天要陪每一位來賓說上話,餐點交給我們。頁面上有菜單與做過的企業場次。儘速預約檔期。		要換
