1	週歲這一天，照片會拍很多，真正想記住的，往往是孩子靠在懷裡的表情，還有家人坐在一起的樣子。點心準備得合適，整場聚會自然多一點從容。想看看週歲派對可以怎麼安排，頁面裡有更多參考。
2	孩子第一次過生日，難得的是一家人都在。抓周、合照、聊天之間，也讓大人和小孩都有東西可以慢慢吃，整個下午會更舒服。想替這一天多留一些好看的回憶，可以到頁面看看不同的週歲安排。
3	滿週歲的日子，長輩想看孩子抓周，朋友想拍照，爸媽想把每個表情都記下來。點心剛好接在這些片刻中間，讓大家邊吃邊聊。準備週歲派對時，不妨先看看頁面上的場次靈感。
4	抓周告一段落後，通常就是大家聊天、拍照、吃點東西的時間。孩子在人群裡被抱來抱去，大人也終於能坐下來說說話。想知道這段時間可以怎麼準備點心，頁面裡整理了更多做法。
5	孩子的第一場生日派對，想留下什麼樣的回憶？
6	從抓周後的小點心，到家人朋友一起坐下來吃東西的時間，頁面裡可以先看看不同週歲場合的安排方式。
7	週歲宴最值得記住的，是一家人難得聚在一起。
8	長輩、朋友和孩子同桌的那一天，點心怎麼準備才適合場合，可以從過往週歲場次裡慢慢找靈感。
9	這一天，多抱一會兒孩子，也多拍幾張全家照。
10	抓周結束後，讓大家自然坐下來吃點心、聊聊天，爸媽也能一起待在照片和笑聲裡。更多週歲派對內容可以到頁面看看。
11	一歲生日，可以有屬於你們家的樣子。
12	有人想要溫馨一點，有人希望輕鬆熱鬧；頁面裡有不同週歲派對的實際呈現，可以看看哪一種更接近你心裡的畫面。
13	孩子滿一歲，是長輩、朋友和家人難得聚在一起的一天。抓周、合照、聊天，再一起吃些點心，幾個小時很快就過去了。想讓這場生日更接近你心裡的樣子，可以先到頁面看看不同週歲派對的安排。
14	一場企業茶會好不好看，往往就在休息時間最容易被感受到。與會者起身聊幾句、拿些點心，再回到下一段議程，整體氣氛會自然很多。正在安排公司活動，可以到頁面看看企業茶點的實際呈現。
15	公司內部會議或茶會，茶點不用搶戲，但要放在場合裡剛剛好。方便取用、看起來得體，也讓休息時間多一點交流空間。若正在規劃近期活動，頁面裡有不同企業場合可供參考。
16	會議中場不只是休息，也是同事和來賓交換幾句話的時間。合適的茶點讓這十五分鐘更完整，又不會蓋過原本的議程。想看看研討會與企業會議通常怎麼搭配，可以從頁面上的案例開始。
17	企業活動講究的通常不是華麗，而是整體看起來有準備。報到、議程、交流到中場茶點彼此接得自然，現場就會顯得俐落。正在安排公司茶會或會議，可以到頁面看看不同場合的做法。
18	一歲生日真的過得很快。前一刻還在抓周，下一刻已經抱著孩子和長輩合照，朋友也在旁邊聊天吃點心。真正留下來的是這些畫面。想看看週歲派對可以怎麼呈現，頁面裡還有更多場次。
19	抱孩子、拍照、聽長輩叫名字，週歲這一天總有很多值得記住的小片段。點心就在旁邊，讓大家想吃的時候拿一點，再繼續聊天。準備孩子的一歲生日，可以到頁面看看更多派對靈感。
20	孩子一下笑、一下哭，長輩圍過來逗他，朋友拿起手機拍個不停。週歲派對本來就該有這些熱鬧的聲音，再配上一些方便分享的點心。想看看不同場次的感覺，頁面裡有更多參考。
21	抓周結束後，氣氛通常才真正放鬆下來。大家開始聊天、合照、吃點心，孩子也在一雙又一雙手裡被抱著。這段時間往往最有家的感覺。想準備自己的週歲派對，可以到頁面看看更多做法。
22	戶外婚禮最值得留下的，是新人真的有和家人朋友說上話，也有時間感受那一天。迎賓點心可以配合證婚前後的節奏安排，讓大家抵達後自然聚在一起。想看看適合戶外婚禮的做法，可以從頁面慢慢挑。
23	從迎接親友、拍照到證婚，戶外婚禮的每一段都過得很快。準新人更在意的，通常是自己也能參與其中，而不是一直注意餐點狀況。頁面整理了婚禮迎賓點心的實際案例，可以先看看喜歡哪種感覺。
24	婚禮真正留下來的，往往不是哪一道點心，而是那天和重要的人一起笑、一起拍照、好好說幾句話。迎賓餐點可以跟著婚禮安排一起思考。想知道不同場地能怎麼呈現，頁面裡有更多案例可以參考。
25	戶外證婚開始前，親友陸續抵達，正是大家見面寒暄、拍照聊天的時間。這時候有些方便取用的迎賓點心，整個等待會自然許多。頁面整理了不同婚禮場合的安排方式，有需要可以先看看。
26	開幕活動不只是在介紹品牌，也是很多人第一次真正走進你的現場。從來賓抵達、交流到拍照停留，餐點也是整體感受的一部分。想看看品牌活動還能怎麼安排，頁面裡有更多實際案例。
27	品牌活動上的餐點，不需要搶走注意力，但要和現場放在一起看起來合理。從開幕、媒體活動到交流茶會，不同場合需要的內容也不同。頁面整理了菜單與過往活動案例，可以直接看看實際呈現。
28	一場開幕茶會好不好待，常常從大家願不願意留下來聊天就看得出來。餐點方便取用、場合舒服，交流自然就會延續。想看看不同品牌活動怎麼安排點心，可以從頁面的案例開始認識。
29	開幕當天最重要的，還是和到場的人好好見面、介紹品牌，也讓彼此有時間聊幾句。餐點可以依活動形式一起安排，不必成為全場焦點。頁面裡有實際開幕與品牌活動案例，可以看看哪種方向接近需求。
30	品牌開幕有自己的個性，餐點也可以順著活動氣氛去選，而不是每一場都長得一樣。無論是正式交流或比較輕鬆的聚會，都能從場合出發思考。想找適合品牌活動的方向，頁面有案例可以參考。
31	有些開幕重視拍照畫面，有些更在意客戶交流，也有些希望整體簡潔俐落。先從活動本身想呈現什麼開始，餐點自然比較好選。頁面放了不同類型的實際場次，可以看看哪些感覺比較接近你的活動。
32	開幕、品牌發表或交流活動，每一場想讓來賓記住的事情都不一樣。餐點不用刻意搶戲，只要放進整體場合裡看起來合適、吃起來方便。頁面整理了實際活動案例與菜單內容，可以從中找找適合這一場的方向。
33	新家第一次熱鬧起來，通常就是親友一進門開始看房子、聊天、到處坐坐的那一刻。主人也能一起參與，才像真的在新家聚會。想看看這類聚會可以準備哪些點心，頁面裡有一些方向可以參考。
34	剛整理好的新家迎來第一批家人朋友，大家最有興趣的往往是邊走邊看、邊聊最近的生活。餐點如果適合隨手取用，聚會就能維持輕鬆的節奏。頁面有不同點心安排，可以看看哪種比較適合新家聚會。
35	入厝聚會最有意思的，是熟悉的人第一次在新的空間裡坐下來，一邊吃東西一邊聊天。比起把場合辦得很正式，舒服自在通常更重要。想找適合這種氣氛的餐點內容，可以到頁面看看幾種不同安排。
36	請家人朋友來新家，不一定需要一桌正式宴席，能讓大家自在拿點東西、找位置坐下來聊聊，就很有聚會的感覺。頁面整理了適合分享的點心內容，想規劃第一次新家聚會時，可以先從這裡找靈感。
37	替長輩過生日，真正讓人記得的通常是全家難得聚在一起，陪壽星吃飯、聊天、拍幾張合照。餐點可以順著家人的習慣與場合來安排。想看看比較溫和、不過度張揚的聚會方式，頁面裡有一些案例可參考。
38	一家人為長輩慶生，氣氛不必做得太隆重，能讓壽星自在和孩子、孫子多坐一會兒，就已經很有意義。餐點適合分享、方便取用，也比較符合家庭聚會的節奏。頁面有相關內容，可以慢慢看看。
39	長輩生日難得把一家人聚在一起，大家真正想留下的，是同桌聊天、合照，還有那些平常不一定有機會說的話。餐點只是陪著這段時間發生。想看看適合家庭聚會的點心安排，頁面裡整理了幾種方向。
40	替長輩準備生日聚會時，口味通常比形式更重要，熟悉、順口、大家願意一起吃，往往就是舒服的一餐。如果家中有特別的飲食偏好，也可以在規劃時一併考量。頁面有不同餐點內容，可以先看看是否合適。
41	研討會排得再緊，中場仍是與會者交換意見、稍微休息的時間。茶點自然接進議程節奏，讓前後場次銜接得更舒服；如果正在規劃研討會，可以到頁面看看適合的安排方式。
42	論壇進行到中場，台上暫停，台下的交流才正要開始。一份方便取用的茶點，剛好陪大家聊幾句、整理下一場內容；正在安排活動的話，頁面裡有更多研討會茶點資訊可以參考。
43	一整天的議程，真正讓人記得的不只台上的內容，也包括場與場之間那段喘口氣的時間。中場茶點可以成為自然的休息節點，有相關需求時，不妨從頁面看看不同場合的做法。
44	兩場內容之間只有短短一段休息，與會者想喝口飲料、拿份點心，也想和身旁的人交換幾句想法。茶點安排越貼近這段時間越剛好，更多資訊可以從頁面慢慢了解。
45	賞屋活動給人的感受，往往從踏進案場的那一刻就開始累積。接待、談話與停留之間有一份合適的茶點，整體氛圍會更完整；想看看案場活動能怎麼安排，可以進頁面參考。
46	看房不是走進來看一圈就離開，很多時候還會坐下來聊格局、價格與生活想像。這段停留如果有茶點陪著，談話也更自然；正在準備案場活動，可以到頁面看看相關內容。
47	週末賞屋的人一批接著一批，案場裡真正重要的是每一次接待都維持同樣的質感。茶點適合自然出現在等待與洽談之間；若正在安排近期活動，頁面裡有更多案例可以瀏覽。
48	有人第一次來賞屋，也有人坐下來談第二次、第三次，案場裡每段停留都有不同目的。茶點不需要搶戲，只要剛好融進那段時間；想了解適合案場的形式，可以往頁面裡看看。
49	婚禮那天，新人真正想記住的通常是彼此、家人，還有那些特地來到現場的人。迎賓或等待的空檔有點心陪著，朋友也能自在聊聊；頁面裡整理了婚禮點心的內容，歡迎看看。
50	換裝、拍照、敬酒，一場婚禮很快就從早上走到晚上。朋友們在等待下一個環節時，手邊有份點心，也多了一個聊天的理由；正在準備婚禮的話，可以到頁面看看更多實拍內容。
51	婚禮結束以後，朋友記得的常常不是某個細節，而是那天整體的感覺。迎賓時吃到的一口點心，也可能成為其中一小段記憶；想知道婚禮點心可以怎麼呈現，頁面裡有更多內容可看。
52	從第一位朋友抵達，到新人正式進場，婚禮前總有一段大家慢慢聚在一起的時間。點心 Bar 很適合陪著這段等待與聊天；如果正在找婚禮迎賓點心，可以從頁面看看菜單與實拍。
53	公益酒會真正重要的，是人與人願意停下來交流，讓彼此認識得更深一些。活動中的餐點可以安靜陪著談話發生，不必搶走焦點；想了解企業活動的點心形式，可以進頁面看看。
54	企業活動從來不只是一場會議，來賓如何停留、交流、感受品牌，同樣構成那一天的印象。茶點可以自然出現在談話與休息之間；若正在籌備活動，頁面裡有更多企業場次可參考。
55	品牌活動留給人的印象，往往來自許多小細節一起累積，而不是某一個單獨亮點。來賓邊聊邊吃的一份點心，也是其中一部分；想看看不同企業場合的呈現，可以到頁面繼續了解。
56	一場企業聚會最有價值的時刻，常常發生在正式內容之外：幾句交流、一段停留、一次新的認識。餐點適合陪在這些片刻旁邊；頁面裡整理了菜單與企業活動實拍，歡迎進去看看。
